{
  "labelled_set_sizes": [
    20,
    30,
    40,
    50,
    60,
    70,
    80,
    90,
    100,
    110,
    120,
    130,
    140,
    150,
    160,
    170,
    180,
    190,
    200,
    210,
    220,
    230,
    240,
    250,
    260,
    270,
    280,
    290,
    300,
    310,
    320,
    330,
    340,
    350,
    360,
    370,
    380,
    390,
    400,
    410,
    420,
    430,
    440,
    450,
    460,
    470,
    480,
    490,
    500,
    510,
    520,
    530,
    540,
    550,
    560,
    570,
    580,
    590,
    600,
    610,
    620,
    630,
    640,
    650,
    660,
    670,
    680,
    690,
    700,
    710,
    720,
    730,
    740,
    750,
    760,
    770,
    780,
    790,
    800,
    810,
    820,
    830,
    840,
    850,
    860,
    870,
    880,
    890,
    900,
    910,
    920,
    930,
    940,
    950,
    960,
    970,
    980,
    990,
    1000,
    1010,
    1020
  ],
  "test_accs_mean": [
    0.5587249999999999,
    0.610175,
    0.6838,
    0.7141,
    0.7610250000000001,
    0.7913250000000001,
    0.8233,
    0.8307,
    0.8550749999999999,
    0.8671749999999999,
    0.8779,
    0.8851249999999999,
    0.89725,
    0.9068,
    0.9062,
    0.90915,
    0.914625,
    0.92035,
    0.9249250000000001,
    0.9263499999999999,
    0.927325,
    0.934125,
    0.9355499999999999,
    0.9403,
    0.9411749999999999,
    0.9431499999999999,
    0.9452750000000001,
    0.950475,
    0.9451499999999999,
    0.9529,
    0.951525,
    0.9516749999999999,
    0.9571999999999999,
    0.957975,
    0.9596500000000001,
    0.960575,
    0.960175,
    0.962,
    0.9635500000000001,
    0.9624,
    0.96345,
    0.965425,
    0.966625,
    0.964125,
    0.96875,
    0.9685750000000001,
    0.96925,
    0.9681500000000001,
    0.971775,
    0.9698749999999999,
    0.9729749999999999,
    0.9718,
    0.9723,
    0.97315,
    0.97315,
    0.970525,
    0.9734999999999999,
    0.97545,
    0.9749,
    0.975875,
    0.975725,
    0.976175,
    0.976425,
    0.9758249999999999,
    0.97475,
    0.976925,
    0.9774,
    0.9751749999999999,
    0.97775,
    0.976825,
    0.9787250000000001,
    0.978875,
    0.977925,
    0.97905,
    0.9793,
    0.979575,
    0.9789249999999999,
    0.9788,
    0.98015,
    0.9794249999999999,
    0.979275,
    0.979375,
    0.98055,
    0.9805499999999999,
    0.9811749999999999,
    0.9804250000000001,
    0.981375,
    0.9809000000000001,
    0.980975,
    0.98195,
    0.9812500000000001,
    0.981425,
    0.9813000000000001,
    0.9822000000000001,
    0.9813999999999999,
    0.98215,
    0.981925,
    0.982675,
    0.982375,
    0.98235,
    0.9827250000000001
  ],
  "test_accs_std": [
    0.02577083299649687,
    0.03551519627802534,
    0.0551565650368718,
    0.06074833331047033,
    0.039034802847373706,
    0.03814099937512561,
    0.02686199297644655,
    0.02549156723310673,
    0.012226303611476398,
    0.008110641158379499,
    0.016044521391012756,
    0.008332816650649008,
    0.008729070206308732,
    0.012074214950325615,
    0.013824856840729552,
    0.007468377780125098,
    0.012950772177750657,
    0.01016218480446011,
    0.009394102760065286,
    0.009530827176413717,
    0.014219089281666378,
    0.0109298902098786,
    0.010443019997427295,
    0.008327064308626423,
    0.006790373087442726,
    0.007984359711335657,
    0.007996405442447252,
    0.0046707422679198715,
    0.011154819586169937,
    0.004493699292713458,
    0.008598207177468224,
    0.00627501660024364,
    0.006355050484981763,
    0.006458263440481978,
    0.006056126374727222,
    0.006734178989800222,
    0.007835123908826645,
    0.005129002502111544,
    0.005909032633745258,
    0.006096447052723946,
    0.005243726410356148,
    0.004841745553000499,
    0.0067785814641904705,
    0.0075247923559391364,
    0.004655104724922984,
    0.005113625589214206,
    0.003120363226720034,
    0.003223352292257251,
    0.0022735801430049845,
    0.002780137886268749,
    0.0030685229888879027,
    0.002727636339397142,
    0.0027964262908219094,
    0.00225462487641146,
    0.001488847428941821,
    0.0016357974609753124,
    0.0028717010057919957,
    0.0018520259177452192,
    0.0030044411571316667,
    0.0024226363050748423,
    0.0021700614430625364,
    0.0026221810260417307,
    0.0016640813281407032,
    0.0020838665984174794,
    0.005533835318595351,
    0.0022096379793984378,
    0.001191637528781307,
    0.0025552234083670226,
    0.0038475100173142574,
    0.003636275567115376,
    0.0021975364995072545,
    0.0016958282145704815,
    0.003262284475639716,
    0.0013723459233492721,
    0.0009128709291752818,
    0.002439091360869202,
    0.002142234036389747,
    0.0016083117442419873,
    0.0015198684153570853,
    0.0026487418396916643,
    0.0014750706197783957,
    0.0018355289882392755,
    0.00282075639973869,
    0.002572288216096073,
    0.002997081914129154,
    0.00147507061977839,
    0.001431491064123915,
    0.001308943594404785,
    0.0008139410298050014,
    0.001126942766958429,
    0.0020074859899884435,
    0.0022691775308835366,
    0.002171021265057861,
    0.0017644640357154693,
    0.0021832697191750475,
    0.0012767145334803573,
    0.0027219784471348967,
    0.0015499999999999845,
    0.0012711543310445547,
    0.0016114175953695629,
    0.0011026483271348864
  ],
  "test_accs_std_lower": [
    0.5329541670035031,
    0.5746598037219747,
    0.6286434349631281,
    0.6533516666895296,
    0.7219901971526264,
    0.7531840006248745,
    0.7964380070235535,
    0.8052084327668932,
    0.8428486963885236,
    0.8590643588416205,
    0.8618554786089873,
    0.8767921833493509,
    0.8885209297936912,
    0.8947257850496745,
    0.8923751431592705,
    0.9016816222198749,
    0.9016742278222494,
    0.9101878151955399,
    0.9155308972399349,
    0.9168191728235862,
    0.9131059107183336,
    0.9231951097901214,
    0.9251069800025726,
    0.9319729356913736,
    0.9343846269125572,
    0.9351656402886642,
    0.9372785945575528,
    0.9458042577320801,
    0.93399518041383,
    0.9484063007072865,
    0.9429267928225318,
    0.9453999833997563,
    0.9508449495150182,
    0.9515167365595181,
    0.9535938736252729,
    0.9538408210101997,
    0.9523398760911733,
    0.9568709974978884,
    0.9576409673662549,
    0.9563035529472761,
    0.9582062735896438,
    0.9605832544469994,
    0.9598464185358094,
    0.9566002076440608,
    0.964094895275077,
    0.9634613744107858,
    0.9661296367732799,
    0.9649266477077428,
    0.9695014198569951,
    0.9670948621137312,
    0.969906477011112,
    0.9690723636606029,
    0.9695035737091782,
    0.9708953751235885,
    0.9716611525710581,
    0.9688892025390247,
    0.9706282989942079,
    0.9735979740822548,
    0.9718955588428683,
    0.9734523636949252,
    0.9735549385569374,
    0.9735528189739583,
    0.9747609186718593,
    0.9737411334015824,
    0.9692161646814047,
    0.9747153620206016,
    0.9762083624712188,
    0.9726197765916329,
    0.9739024899826858,
    0.9731887244328847,
    0.9765274635004928,
    0.9771791717854296,
    0.9746627155243603,
    0.9776776540766507,
    0.9783871290708247,
    0.9771359086391308,
    0.9767827659636101,
    0.977191688255758,
    0.9786301315846428,
    0.9767762581603082,
    0.9777999293802216,
    0.9775394710117608,
    0.9777292436002614,
    0.9779777117839038,
    0.9781779180858707,
    0.9789499293802217,
    0.9799435089358761,
    0.9795910564055953,
    0.980161058970195,
    0.9808230572330415,
    0.9792425140100116,
    0.9791558224691165,
    0.9791289787349422,
    0.9804355359642846,
    0.9792167302808249,
    0.9808732854665196,
    0.9792030215528652,
    0.981125,
    0.9811038456689555,
    0.9807385824046304,
    0.9816223516728652
  ],