{
  "labelled_set_sizes": [
    20,
    30,
    40,
    50,
    60,
    70,
    80,
    90,
    100,
    110,
    120,
    130,
    140,
    150,
    160,
    170,
    180,
    190,
    200,
    210,
    220,
    230,
    240,
    250,
    260,
    270,
    280,
    290,
    300,
    310,
    320,
    330,
    340,
    350,
    360,
    370,
    380,
    390,
    400,
    410,
    420,
    430,
    440,
    450,
    460,
    470,
    480,
    490,
    500,
    510,
    520,
    530,
    540,
    550,
    560,
    570,
    580,
    590,
    600,
    610,
    620,
    630,
    640,
    650,
    660,
    670,
    680,
    690,
    700,
    710,
    720,
    730,
    740,
    750,
    760,
    770,
    780,
    790,
    800,
    810,
    820,
    830,
    840,
    850,
    860,
    870,
    880,
    890,
    900,
    910,
    920,
    930,
    940,
    950,
    960,
    970,
    980,
    990,
    1000,
    1010,
    1020
  ],
  "test_rmse_mean": [
    0.27726721364084017,
    0.26875418840200205,
    0.2624804452150482,
    0.25610570250408804,
    0.25255262412302065,
    0.2526188243005548,
    0.24441790408567216,
    0.23694044508149578,
    0.2352947594729368,
    0.2318286167819709,
    0.23116755343521977,
    0.24228883470766158,
    0.22805110560175954,
    0.22797669283943728,
    0.2210523638610517,
    0.2165271094928008,
    0.21408554242730574,
    0.21301601029665065,
    0.21218900859901701,
    0.2107116454256204,
    0.2067153869153711,
    0.20439418915468646,
    0.20249037293910832,
    0.2004115411308582,
    0.2083440017842153,
    0.2025189040783541,
    0.1999153838161531,
    0.19431784962176205,
    0.19489139419131846,
    0.19312298007801398,
    0.19291103138298812,
    0.18965811046973566,
    0.19363739991375623,
    0.18758857063284262,
    0.18964803973393043,
    0.18714543763325336,
    0.18722456029294582,
    0.191787928786323,
    0.1829353052462508,
    0.18427712228023765,
    0.18233437058549742,
    0.1773403296887437,
    0.17876750454751675,
    0.18480440942288273,
    0.18054801837503237,
    0.17994535371792947,
    0.17676852843404084,
    0.1771040005563752,
    0.17439164644904495,
    0.1716502547500779,
    0.17489938874584174,
    0.1719080275156501,
    0.174247340164554,
    0.170185390230063,
    0.16994583262097976,
    0.17202159387929397,
    0.17561225849815904,
    0.17228127439502403,
    0.17314366297301936,
    0.17236898946031712,
    0.16896119956635947,
    0.16949391138482045,
    0.17033990849855465,
    0.16966949505814777,
    0.1670857561641081,
    0.16409857552007368,
    0.16383958552085465,
    0.16469177436174487,
    0.16291669235810827,
    0.1669101390249968,
    0.1641989513982074,
    0.16100301796589644,
    0.16259992324101488,
    0.16559225447106588,
    0.1618385306158872,
    0.1664909473956382,
    0.1593325803356891,
    0.1589383623064666,
    0.15926531991440462,
    0.1554612386625535,
    0.1592412977801951,
    0.1595192421822777,
    0.1611795850689094,
    0.15896650933099737,
    0.15588897988221068,
    0.15744678680779348,
    0.1557585276192549,
    0.15317923433646438,
    0.1589287529774931,
    0.15911890277854104,
    0.1578742989241253,
    0.15724737377549108,
    0.15380081422108996,
    0.15535476870136836,
    0.15591307326891019,
    0.1571545760490591,
    0.1542228661123049,
    0.15099772464711084,
    0.1551363285218118,
    0.1550118046381106,
    0.15387236215262534
  ],
  "test_rmse_std": [
    0.006135948546250114,
    0.002364853995265801,
    0.002472703710496158,
    0.002602717932698275,
    0.0027484247742842606,
    0.00455577008999186,
    0.003274884493648797,
    0.0030168472942235453,
    0.004921747198229713,
    0.005337500655148363,
    0.002673240288536877,
    0.0029021046605205957,
    0.0018645854670374606,
    0.004820599993219763,
    0.006304985196384492,
    0.006767157280667779,
    0.005901374666554017,
    0.0015759370982205694,
    0.0024972046754855298,
    0.001378676358072626,
    0.0033048681458397304,
    0.002479078566382841,
    0.0013448277813879242,
    0.003398989463210951,
    0.0030739579977854597,
    0.001518797318875147,
    0.0020032312642406635,
    0.0019035423143206923,
    0.002993720294976453,
    0.005077852129173672,
    0.002925916891040498,
    0.0033239261630470976,
    0.0016253455157710294,
    0.0014381207050911012,
    0.003709385381910779,
    0.004635795013126892,
    0.003390208838423071,
    0.006887968287245896,
    0.004289406428555605,
    0.0038640300352148736,
    0.0038683116362965,
    0.004714200445209737,
    0.0036619460289332374,
    0.0016569932780156646,
    0.003389785370642507,
    0.003955067692734558,
    0.0035042380029847676,
    0.0015906597182908568,
    0.0036892507390617396,
    0.0021305667880777393,
    0.0053123658900691645,
    0.004475227762838118,
    0.002918400052101258,
    0.006465203726116383,
    0.004705735421044404,
    0.005807626382643925,
    0.0020970496361538316,
    0.0027751584332514727,
    0.007409520752391381,
    0.005785341977293417,
    0.004978980761070545,
    0.005008552850588676,
    0.0057010635441946365,
    0.007499421771304758,
    0.00695385240250125,
    0.007077848357963576,
    0.004956043569003397,
    0.0017410875077934426,
    0.006539748447085992,
    0.005574883994403791,
    0.004598225213502673,
    0.007664951616523546,
    0.006211665726843381,
    0.004671037305518256,
    0.005904010061194205,
    0.004663987220943499,
    0.005418424231369176,
    0.0035546281805415754,
    0.0037482759165944107,
    0.003447690125675568,
    0.005791171822000755,
    0.004636381740106007,
    0.0009344769867778008,
    0.002819833110530175,
    0.002781513728698211,
    0.004220279247881818,
    0.003975924249948106,
    0.004534218147155963,
    0.005327900175469977,
    0.008460095202690419,
    0.006616842005005133,
    0.003442548682280216,
    0.003141253636499706,
    0.004567826636248762,
    0.0020248063743633794,
    0.007042721499542547,
    0.0025299451086243847,
    0.004417459998918805,
    0.00854057464673924,
    0.00459493103290094,
    0.007214833306281563
  ],