{
  "labelled_set_sizes": [
    20,
    30,
    40,
    50,
    60,
    70,
    80,
    90,
    100,
    110,
    120,
    130,
    140,
    150,
    160,
    170,
    180,
    190,
    200,
    210,
    220,
    230,
    240,
    250,
    260,
    270,
    280,
    290,
    300,
    310,
    320,
    330,
    340,
    350,
    360,
    370,
    380,
    390,
    400,
    410,
    420,
    430,
    440,
    450,
    460,
    470,
    480,
    490,
    500,
    510,
    520,
    530,
    540,
    550,
    560,
    570,
    580,
    590,
    600,
    610,
    620,
    630,
    640,
    650,
    660,
    670,
    680,
    690,
    700,
    710,
    720,
    730,
    740,
    750,
    760,
    770,
    780,
    790,
    800,
    810,
    820,
    830,
    840,
    850,
    860,
    870,
    880,
    890,
    900,
    910,
    920,
    930,
    940,
    950,
    960,
    970,
    980,
    990,
    1000,
    1010,
    1020
  ],
  "test_accs_mean": [
    0.48606666666666665,
    0.5595666666666667,
    0.6194000000000001,
    0.6693333333333333,
    0.6895666666666666,
    0.7163666666666666,
    0.7462,
    0.7642666666666668,
    0.7956,
    0.8135666666666665,
    0.8161333333333333,
    0.8077,
    0.8363999999999999,
    0.8515666666666667,
    0.8563666666666666,
    0.8616666666666667,
    0.8741333333333333,
    0.8786333333333333,
    0.8772666666666668,
    0.8835333333333333,
    0.8889999999999999,
    0.8927999999999999,
    0.8886333333333333,
    0.8923666666666668,
    0.8890000000000001,
    0.8998333333333334,
    0.9049999999999999,
    0.9072999999999999,
    0.9115333333333333,
    0.9141333333333334,
    0.9159666666666667,
    0.9201666666666667,
    0.9181666666666667,
    0.9175999999999999,
    0.9220333333333333,
    0.9228333333333335,
    0.9228666666666667,
    0.9168,
    0.9283666666666667,
    0.9295333333333334,
    0.9230999999999999,
    0.9288666666666666,
    0.9288,
    0.9289,
    0.9294666666666666,
    0.9306333333333333,
    0.9366333333333333,
    0.9318333333333334,
    0.9327666666666667,
    0.9381666666666666,
    0.9345333333333334,
    0.9374666666666668,
    0.939,
    0.9398,
    0.9389333333333334,
    0.9369,
    0.9384,
    0.9401,
    0.9397666666666668,
    0.941,
    0.9424,
    0.9432333333333333,
    0.9401333333333334,
    0.9438,
    0.9446,
    0.9459666666666666,
    0.9415999999999999,
    0.9453999999999999,
    0.9459333333333334,
    0.9471666666666666,
    0.9461,
    0.9477333333333333,
    0.9443999999999999,
    0.9493333333333333,
    0.9485,
    0.9468666666666667,
    0.9480666666666666,
    0.9495333333333335,
    0.9511333333333333,
    0.9535,
    0.9507,
    0.9517000000000001,
    0.9493,
    0.9474999999999999,
    0.9522,
    0.9544,
    0.9551333333333334,
    0.9531666666666667,
    0.9547,
    0.9564,
    0.9544,
    0.9561666666666667,
    0.9535666666666667,
    0.9511666666666666,
    0.9553333333333334,
    0.9554,
    0.9555666666666666,
    0.9575666666666667,
    0.9566666666666666,
    0.9551666666666666,
    0.9583333333333334
  ],
  "test_accs_std": [
    0.011844970803397257,
    0.016286292805096348,
    0.004114608122288191,
    0.02737559740596235,
    0.02359180648728143,
    0.037962130252836616,
    0.005957348403442614,
    0.017490092433527393,
    0.011489560478973928,
    0.00792233130671354,
    0.02312192321874056,
    0.028833487475503204,
    0.011632282665066251,
    0.010854645702800859,
    0.007913490590967657,
    0.0267142908072315,
    0.015273942953060062,
    0.01701773584626741,
    0.014349332156352557,
    0.010646282606306007,
    0.00710774225756673,
    0.018757398540309368,
    0.015564810738757267,
    0.009073771725877424,
    0.02089856454400633,
    0.015519127982374965,
    0.009650388593212184,
    0.006050619802962337,
    0.01056140773445157,
    0.01304619995758664,
    0.009737727318698798,
    0.011365004766093745,
    0.010356801307997265,
    0.010507616285342759,
    0.010849116707517368,
    0.010365487607118777,
    0.015689911833191808,
    0.02038921283424154,
    0.013811710007574484,
    0.011795903243640708,
    0.011264102272262986,
    0.012287120628256753,
    0.01398248904880674,
    0.004439594576084644,
    0.007446028023942249,
    0.011702278980324061,
    0.006389313995518843,
    0.013066879249971413,
    0.013822566090756537,
    0.006373643646559916,
    0.00955213763161594,
    0.008663332692061057,
    0.003897435053981035,
    0.008057915363169353,
    0.010219752117019917,
    0.01134592437838361,
    0.011865496196956931,
    0.008850423718670166,
    0.009009069504301345,
    0.009490521587352302,
    0.0024248711305964177,
    0.0044467216388405706,
    0.006798774399355608,
    0.009559811713626996,
    0.006286493458200667,
    0.009389533179734405,
    0.006539113089708698,
    0.008740137298692744,
    0.0033724372986511154,
    0.00737992773225679,
    0.006055575942881074,
    0.0038759944960400964,
    0.005436910887627307,
    0.007788024995679823,
    0.00549909083394702,
    0.0056712726378947064,
    0.0052785730394996995,
    0.004944019956809778,
    0.003647373484212059,
    0.006846166810705099,
    0.009559811713627001,
    0.005256424640380545,
    0.004956813492557494,
    0.0037027017163147164,
    0.0023811761799581,
    0.0031764760348537216,
    0.00341223289552947,
    0.005084617324178234,
    0.004491102314577137,
    0.005243090691567365,
    0.003174901573277495,
    0.004578573285788241,
    0.002579405616287089,
    0.0025482019804821607,
    0.00430851869362704,
    0.007233256528010033,
    0.0032254198693089904,
    0.0030730007050655365,
    0.0035118845842842493,
    0.006480997865555375,
    0.003784617990409778
  ],