{
  "labelled_set_sizes": [
    20,
    30,
    40,
    50,
    60,
    70,
    80,
    90,
    100,
    110,
    120,
    130,
    140,
    150,
    160,
    170,
    180,
    190,
    200,
    210,
    220,
    230,
    240,
    250,
    260,
    270,
    280,
    290,
    300,
    310,
    320,
    330,
    340,
    350,
    360,
    370,
    380,
    390,
    400,
    410,
    420,
    430,
    440,
    450,
    460,
    470,
    480,
    490,
    500,
    510,
    520,
    530,
    540,
    550,
    560,
    570,
    580,
    590,
    600,
    610,
    620,
    630,
    640,
    650,
    660,
    670,
    680,
    690,
    700,
    710,
    720,
    730,
    740,
    750,
    760,
    770,
    780,
    790,
    800,
    810,
    820,
    830,
    840,
    850,
    860,
    870,
    880,
    890,
    900,
    910,
    920,
    930,
    940,
    950,
    960,
    970,
    980,
    990,
    1000,
    1010,
    1020
  ],
  "test_accs_mean": [
    0.5123,
    0.5802750000000001,
    0.6715,
    0.69595,
    0.7442,
    0.7186250000000001,
    0.76705,
    0.784175,
    0.803175,
    0.819175,
    0.830575,
    0.818725,
    0.841425,
    0.866125,
    0.8593500000000001,
    0.866675,
    0.8764500000000001,
    0.879475,
    0.8817,
    0.8897999999999999,
    0.8863,
    0.8923749999999999,
    0.8957,
    0.9027750000000001,
    0.9023,
    0.914925,
    0.9107000000000001,
    0.914925,
    0.916,
    0.91345,
    0.9164749999999999,
    0.92195,
    0.9206000000000001,
    0.923725,
    0.9278,
    0.925425,
    0.9262250000000001,
    0.9319999999999999,
    0.931175,
    0.9320999999999999,
    0.9330250000000001,
    0.93075,
    0.93685,
    0.9349999999999999,
    0.9371,
    0.940725,
    0.9403,
    0.940875,
    0.939225,
    0.936975,
    0.9433,
    0.9434750000000001,
    0.9422,
    0.94275,
    0.943675,
    0.94435,
    0.945925,
    0.94865,
    0.949,
    0.9502,
    0.9488749999999999,
    0.948575,
    0.948525,
    0.9483750000000001,
    0.94875,
    0.949425,
    0.9514750000000001,
    0.9521999999999999,
    0.952525,
    0.95215,
    0.9518250000000001,
    0.95225,
    0.9538249999999999,
    0.9525250000000001,
    0.954875,
    0.95495,
    0.9555,
    0.952775,
    0.953375,
    0.95195,
    0.9571999999999999,
    0.9548500000000001,
    0.9577749999999999,
    0.956075,
    0.9573,
    0.958225,
    0.960275,
    0.958125,
    0.95645,
    0.95855,
    0.959225,
    0.9601000000000001,
    0.960575,
    0.9580500000000001,
    0.9602,
    0.960225,
    0.960825,
    0.960075,
    0.9636500000000001,
    0.96255,
    0.96115
  ],
  "test_accs_std": [
    0.044943594278458274,
    0.03326854119635144,
    0.01996179684630953,
    0.009285293030737747,
    0.020550263583062223,
    0.039836363204154734,
    0.010652229813517903,
    0.011910044780212495,
    0.022120032399011853,
    0.019027414432865018,
    0.022551330337698468,
    0.02189982876645386,
    0.02135343454029506,
    0.028948272832761548,
    0.03475029975889894,
    0.030090350058892105,
    0.031205288013412085,
    0.03211950342081894,
    0.0265303599674034,
    0.02574813909133368,
    0.03398215217826361,
    0.0268016635055861,
    0.02340213665458778,
    0.028034428238625914,
    0.02749169571585814,
    0.02517093230957748,
    0.025804779918973685,
    0.025518669636170305,
    0.023097763239471165,
    0.025100398403212643,
    0.02468621410153181,
    0.021292017283479736,
    0.022214409737825583,
    0.023506647995832998,
    0.015592947123619687,
    0.020854475938432676,
    0.023606549232504635,
    0.017935997323817808,
    0.015635936172804014,
    0.018660117898877265,
    0.020545782211117365,
    0.017827413347613483,
    0.016174980680050292,
    0.020843864005185467,
    0.016162301816263675,
    0.019166528985012723,
    0.014939656399440166,
    0.019389752448136115,
    0.01829560511889852,
    0.018245067826675745,
    0.01579430277030296,
    0.014662054198963147,
    0.016278001515337603,
    0.01675340761357718,
    0.018228800472512387,
    0.017174884764290764,
    0.015240598194734152,
    0.015730755438524452,
    0.01668352480742603,
    0.014123974889055348,
    0.015701247296526038,
    0.015775165081016826,
    0.017865306229300056,
    0.01613513247544007,
    0.014716996976285628,
    0.015995285763832624,
    0.015151760073777991,
    0.015889829032015017,
    0.014610812206490575,
    0.014682075239329526,
    0.015937246730013746,
    0.015067957171870835,
    0.01452271209749293,
    0.015113873317805287,
    0.013050510845684683,
    0.01376214615046165,
    0.014357112058720808,
    0.015139875604949138,
    0.016873919718508427,
    0.015853811318838566,
    0.015511501109391937,
    0.015298256981325241,
    0.013862268934052584,
    0.015392936691872689,
    0.015585249436566645,
    0.013730835128765228,
    0.012710723818886138,
    0.01408506892658555,
    0.016566733735612068,
    0.014988106395850454,
    0.01327387785589927,
    0.013813037319865613,
    0.01214835379794312,
    0.014991219652405442,
    0.014365467854082136,
    0.013477481218684736,
    0.012999070479589422,
    0.013806610735441215,
    0.012956722836684692,
    0.01263051859584558,
    0.013499999999999991
  ],
  "test_accs_std_lower": [
    0.48982820286077083,
    0.5636407294018244,
    0.6615191015768452,
    0.6913073534846311,
    0.7339248682084689,
    0.6987068183979227,
    0.7617238850932411,
    0.7782199776098937,
    0.792114983800494,
    0.8096612927835675,
    0.8192993348311507,
    0.8077750856167731,
    0.8307482827298525,
    0.8516508635836193,
    0.8419748501205506,
    0.851629824970554,
    0.860847355993294,
    0.8634152482895905,
    0.8684348200162983,
    0.8769259304543331,
    0.8693089239108682,
    0.8789741682472069,
    0.8839989316727062,
    0.8887577858806871,
    0.8885541521420709,
    0.9023395338452113,
    0.8977976100405132,
    0.9021656651819149,
    0.9044511183802645,
    0.9008998007983937,
    0.904131892949234,
    0.9113039913582601,
    0.9094927951310873,
    0.9119716760020835,
    0.9200035264381902,
    0.9149977620307838,
    0.9144217253837478,
    0.923032001338091,
    0.923357031913598,
    0.9227699410505613,
    0.9227521088944414,
    0.9218362933261932,
    0.9287625096599749,
    0.9245780679974072,
    0.9290188490918682,
    0.9311417355074937,
    0.9328301718002799,
    0.931180123775932,
    0.9300771974405507,
    0.9278524660866622,
    0.9354028486148486,
    0.9361439729005185,
    0.9340609992423312,
    0.9343732961932114,
    0.9345605997637438,
    0.9357625576178547,
    0.938304700902633,
    0.9407846222807378,
    0.940658237596287,
    0.9431380125554724,
    0.9410243763517369,
    0.9406874174594916,
    0.9395923468853499,
    0.9403074337622801,
    0.9413915015118571,
    0.9414273571180837,
    0.943899119963111,
    0.9442550854839924,
    0.9452195938967547,
    0.9448089623803353,
    0.9438563766349932,
    0.9447160214140646,
    0.9465636439512535,
    0.9449680633410974,
    0.9483497445771577,
    0.9480689269247692,
    0.9483214439706397,
    0.9452050621975254,
    0.9449380401407458,
    0.9440230943405806,
    0.9494442494453039,
    0.9472008715093375,
    0.9508438655329736,
    0.9483785316540637,
    0.9495073752817167,
    0.9513595824356174,
    0.9539196380905569,
    0.9510824655367073,
    0.948166633132194,
    0.9510559468020748,
    0.9525880610720504,
    0.9531934813400672,
    0.9545008231010284,
    0.9505543901737974,
    0.953017266072959,
    0.9534862593906577,
    0.9543254647602053,
    0.9531716946322794,
    0.9571716385816578,
    0.9562347407020773,
    0.9543999999999999
  ],