{
  "labelled_set_sizes": [
    20,
    30,
    40,
    50,
    60,
    70,
    80,
    90,
    100,
    110,
    120,
    130,
    140,
    150,
    160,
    170,
    180,
    190,
    200,
    210,
    220,
    230,
    240,
    250,
    260,
    270,
    280,
    290,
    300,
    310,
    320,
    330,
    340,
    350,
    360,
    370,
    380,
    390,
    400,
    410,
    420,
    430,
    440,
    450,
    460,
    470,
    480,
    490,
    500,
    510,
    520,
    530,
    540,
    550,
    560,
    570,
    580,
    590,
    600,
    610,
    620,
    630,
    640,
    650,
    660,
    670,
    680,
    690,
    700,
    710,
    720,
    730,
    740,
    750,
    760,
    770,
    780,
    790,
    800,
    810,
    820,
    830,
    840,
    850,
    860,
    870,
    880,
    890,
    900,
    910,
    920,
    930,
    940,
    950,
    960,
    970,
    980,
    990,
    1000,
    1010,
    1020
  ],
  "test_accs_mean": [
    0.513425,
    0.564775,
    0.651825,
    0.6803,
    0.717225,
    0.698075,
    0.7552,
    0.7792,
    0.799425,
    0.80525,
    0.806425,
    0.8156500000000001,
    0.83635,
    0.8547499999999999,
    0.8497250000000001,
    0.8557999999999999,
    0.8610000000000001,
    0.865575,
    0.87885,
    0.88305,
    0.87925,
    0.8881,
    0.891075,
    0.8925000000000001,
    0.8922,
    0.9,
    0.9023500000000001,
    0.9091,
    0.91155,
    0.9114,
    0.91145,
    0.919675,
    0.9174500000000001,
    0.9198500000000001,
    0.9248,
    0.927075,
    0.9214500000000001,
    0.931,
    0.932375,
    0.9321,
    0.9310499999999999,
    0.9310999999999999,
    0.935925,
    0.9329,
    0.9389,
    0.937875,
    0.9372250000000001,
    0.93545,
    0.9333750000000001,
    0.9362,
    0.940875,
    0.940775,
    0.94285,
    0.94235,
    0.9451500000000002,
    0.9479,
    0.946325,
    0.9457,
    0.9455749999999999,
    0.9486,
    0.94875,
    0.949775,
    0.9483499999999999,
    0.948925,
    0.94835,
    0.9487249999999999,
    0.9511749999999999,
    0.951975,
    0.952275,
    0.9508249999999999,
    0.9502,
    0.95185,
    0.951625,
    0.9492499999999999,
    0.952875,
    0.9531749999999999,
    0.955275,
    0.95185,
    0.952275,
    0.9534,
    0.95425,
    0.957025,
    0.95765,
    0.95475,
    0.9567999999999999,
    0.9559500000000001,
    0.959425,
    0.9580249999999999,
    0.9562999999999999,
    0.956325,
    0.9576,
    0.958375,
    0.9598249999999999,
    0.957975,
    0.958475,
    0.959875,
    0.959875,
    0.9599,
    0.96185,
    0.962075,
    0.959875
  ],
  "test_accs_std": [
    0.04368396921831471,
    0.05090555798076799,
    0.034349029583575365,
    0.023099783548769428,
    0.021134075959612374,
    0.015899554501096366,
    0.022177916944564505,
    0.007861297602813407,
    0.006970114776673364,
    0.01763150589144333,
    0.018005253862877525,
    0.015045818909805686,
    0.01384112230516971,
    0.011575404960518657,
    0.02117142335004109,
    0.024123294412939,
    0.01283432896570756,
    0.020377663425100178,
    0.015925765287734223,
    0.010751899057065866,
    0.014969635934116751,
    0.016493028830387734,
    0.011186412889453585,
    0.013293607486307082,
    0.024988930882826207,
    0.015452507887071261,
    0.02117931380695163,
    0.014955266630856157,
    0.01773762479401717,
    0.02230889209859303,
    0.01686208765248241,
    0.016812173169066115,
    0.02063419492008353,
    0.017092005928698528,
    0.015061429768340972,
    0.020763489591106788,
    0.019309151543590225,
    0.012646211553926609,
    0.016902342046789476,
    0.015631591942814597,
    0.01909982547913289,
    0.012704067590080484,
    0.017534038325497065,
    0.01516904743218899,
    0.017526931657689933,
    0.011558943146614528,
    0.012715967652260414,
    0.012252482741605206,
    0.017029068285336874,
    0.010724116125194931,
    0.014565341282189944,
    0.01456465470468377,
    0.014577036735907595,
    0.015937482026133615,
    0.012248673397556127,
    0.015167069591717475,
    0.012038099240882427,
    0.011951290027998392,
    0.011292290880655411,
    0.015584821675805806,
    0.014118663770579262,
    0.01564318275373225,
    0.012294578751086463,
    0.014112966850855046,
    0.01726837185917265,
    0.01619575561682751,
    0.015148679810465348,
    0.014550916351442185,
    0.015299101280794224,
    0.014064701679500129,
    0.015183104645185932,
    0.014837901918173375,
    0.013994373869523418,
    0.013805916606054567,
    0.014857181204162963,
    0.014298805311400478,
    0.011445923582947212,
    0.01600427026348489,
    0.014832930706146184,
    0.010756703336369678,
    0.012941020052530621,
    0.01253112790879841,
    0.012075457203214594,
    0.011402192771568117,
    0.012634872377669701,
    0.013861337116839307,
    0.01210905308711901,
    0.014588894177878352,
    0.0125155902777296,
    0.014980292609514253,
    0.013491972922198343,
    0.013967193705250855,
    0.011937999553247338,
    0.014552519827622084,
    0.012994966974435402,
    0.014193278925839058,
    0.013051021671373715,
    0.014913305021579403,
    0.012233969102462204,
    0.014256314390472714,
    0.012060783556635144
  ],
  "test_accs_std_lower": [
    0.49158301539084265,
    0.539322221009616,
    0.6346504852082123,
    0.6687501082256153,
    0.7066579620201938,
    0.6901252227494519,
    0.7441110415277177,
    0.7752693511985933,
    0.7959399426116633,
    0.7964342470542783,
    0.7974223730685612,
    0.8081270905450972,
    0.8294294388474152,
    0.8489622975197406,
    0.8391392883249795,
    0.8437383527935304,
    0.8545828355171463,
    0.8553861682874498,
    0.8708871173561329,
    0.8776740504714671,
    0.8717651820329416,
    0.8798534855848061,
    0.8854817935552731,
    0.8858531962568466,
    0.8797055345585869,
    0.8922737460564644,
    0.8917603430965243,
    0.901622366684572,
    0.9026811876029914,
    0.9002455539507035,
    0.9030189561737588,
    0.911268913415467,
    0.9071329025399584,
    0.9113039970356508,
    0.9172692851158295,
    0.9166932552044466,
    0.911795424228205,
    0.9246768942230368,
    0.9239238289766052,
    0.9242842040285928,
    0.9215000872604335,
    0.9247479662049597,
    0.9271579808372514,
    0.9253154762839054,
    0.9301365341711549,
    0.9320955284266927,
    0.9308670161738699,
    0.9293237586291974,
    0.9248604658573316,
    0.9308379419374025,
    0.933592329358905,
    0.9334926726476581,
    0.9355614816320462,
    0.9343812589869332,
    0.9390256633012221,
    0.9403164652041412,
    0.9403059503795588,
    0.9397243549860008,
    0.9399288545596722,
    0.9408075891620971,
    0.9416906681147104,
    0.9419534086231339,
    0.9422027106244567,
    0.9418685165745725,
    0.9397158140704137,
    0.9406271221915862,
    0.9436006600947672,
    0.944699541824279,
    0.9446254493596029,
    0.9437926491602499,
    0.942608447677407,
    0.9444310490409132,
    0.9446278130652384,
    0.9423470416969727,
    0.9454464093979186,
    0.9460255973442997,
    0.9495520382085264,
    0.9438478648682576,
    0.9448585346469269,
    0.9480216483318152,
    0.9477794899737347,
    0.9507594360456008,
    0.9516122713983927,
    0.9490489036142159,
    0.950482563811165,
    0.9490193314415805,
    0.9533704734564404,
    0.9507305529110607,
    0.9500422048611351,
    0.9488348536952429,
    0.9508540135389009,
    0.9513914031473746,
    0.9538560002233762,
    0.9506987400861889,
    0.9519775165127823,
    0.9527783605370805,
    0.9533494891643132,
    0.9524433474892102,
    0.9557330154487689,
    0.9549468428047636,
    0.9538446082216825
  ],