{
  "labelled_set_sizes": [
    20,
    30,
    40,
    50,
    60,
    70,
    80,
    90,
    100,
    110,
    120,
    130,
    140,
    150,
    160,
    170,
    180,
    190,
    200,
    210,
    220,
    230,
    240,
    250,
    260,
    270,
    280,
    290,
    300,
    310,
    320,
    330,
    340,
    350,
    360,
    370,
    380,
    390,
    400,
    410,
    420,
    430,
    440,
    450,
    460,
    470,
    480,
    490,
    500,
    510,
    520,
    530,
    540,
    550,
    560,
    570,
    580,
    590,
    600,
    610,
    620,
    630,
    640,
    650,
    660,
    670,
    680,
    690,
    700,
    710,
    720,
    730,
    740,
    750,
    760,
    770,
    780,
    790,
    800,
    810,
    820,
    830,
    840,
    850,
    860,
    870,
    880,
    890,
    900,
    910,
    920,
    930,
    940,
    950,
    960,
    970,
    980,
    990,
    1000,
    1010,
    1020
  ],
  "test_rmse_mean": [
    0.2551802526982276,
    0.24965813371398154,
    0.2552945727510606,
    0.2616302892370512,
    0.26900797717242986,
    0.2549481446202865,
    0.24338896172216357,
    0.23894971956352534,
    0.23925394005857772,
    0.2381081889129814,
    0.22668408164904105,
    0.2414995550572155,
    0.2195132705839007,
    0.21732892464308257,
    0.21219682543252966,
    0.20866938914403893,
    0.20663000633852197,
    0.20366010133850368,
    0.20449323049373874,
    0.20076120991097451,
    0.19690000707752056,
    0.19842077638287065,
    0.19452068374411366,
    0.19463406110929773,
    0.19645961489468275,
    0.1905445289664946,
    0.18725626926917155,
    0.18688288266591652,
    0.18743502458193645,
    0.18480029085890343,
    0.18305571930858383,
    0.18635085091627981,
    0.18417277631317625,
    0.18163738432932203,
    0.1774501372612028,
    0.17627232350936203,
    0.17379314042056096,
    0.1766213498296291,
    0.17509073519286739,
    0.173652469973581,
    0.17084324403420864,
    0.16932503568743404,
    0.1711986061725388,
    0.1731258279038758,
    0.16925069395397505,
    0.16865591783006853,
    0.16594140783509248,
    0.16651686945222657,
    0.16641750689619525,
    0.16496183548648174,
    0.16748001132458232,
    0.16461993741101946,
    0.16472433540532297,
    0.16247563569281193,
    0.16255001590155407,
    0.1625191841731278,
    0.16280268198301315,
    0.1607492195126022,
    0.15815764035035024,
    0.1552503188462957,
    0.15438717194703447,
    0.15555613427898626,
    0.15545139751211015,
    0.15172364961813886,
    0.15142776909447583,
    0.1514499895603839,
    0.15208299495580016,
    0.14878531784977778,
    0.149356702120012,
    0.14955587849994229,
    0.14742449882262404,
    0.1484438408896913,
    0.14786383732216896,
    0.14412981430165528,
    0.1453443316669988,
    0.14673465013579126,
    0.14526104232855444,
    0.14262134462242726,
    0.14265508000335045,
    0.14220532214474108,
    0.1403670671349201,
    0.14013874018181216,
    0.14001372589592015,
    0.14023969160314667,
    0.13800063953553257,
    0.140413761401366,
    0.13822566264888378,
    0.13800900976137392,
    0.13858720195156682,
    0.13745891819863357,
    0.13798336462272595,
    0.13567376866855027,
    0.13573154755713857,
    0.13545897956297134,
    0.13419938717196597,
    0.1355299405703238,
    0.13315385557486173,
    0.13655483562488796,
    0.13267815783998566,
    0.1330425097034591,
    0.13222683008393202
  ],
  "test_rmse_std": [
    0.006890295743011822,
    0.004379812537156942,
    0.029940421591530438,
    0.02331872999911924,
    0.020573364355243012,
    0.03356033890060941,
    0.021916703967429594,
    0.021040559509399467,
    0.024675357282553524,
    0.024195921984584683,
    0.016879313639873664,
    0.020526312499924027,
    0.009822984658583939,
    0.01337430491879444,
    0.01311735556429788,
    0.009047966481354145,
    0.007469685079001348,
    0.011114790616804876,
    0.005732882556801882,
    0.010011450834960798,
    0.0061361067482982885,
    0.008301387573238077,
    0.012363902244861641,
    0.01204835017208485,
    0.010019201305515493,
    0.01124422946492334,
    0.010262032839441769,
    0.010789875585595732,
    0.010495191864342649,
    0.011925769691205396,
    0.01117683870023847,
    0.01001207580767855,
    0.010606719007743131,
    0.009410011064760073,
    0.00924199237169748,
    0.008707218013094074,
    0.0082203474017627,
    0.009991217434681088,
    0.009053744674058069,
    0.00653181846236824,
    0.006125975506131004,
    0.006427152163141042,
    0.008874866690955488,
    0.007322811036979117,
    0.0067076814904757755,
    0.006653987066057337,
    0.005619251692284375,
    0.005781767176220425,
    0.00853340700137066,
    0.006867081059433786,
    0.007797783053381935,
    0.006429867572804147,
    0.009963154710917348,
    0.007483656207347894,
    0.007878576340526895,
    0.00985437530883238,
    0.009027629177824858,
    0.005592116034663459,
    0.004574087266113286,
    0.004867150021327825,
    0.004580530216490146,
    0.004874606070781607,
    0.004040733151281417,
    0.0017379536369822666,
    0.003553519044728281,
    0.003515994027105062,
    0.0017083554335476053,
    0.0019735527759210986,
    0.0031942221254087767,
    0.0013934901591971724,
    0.0035708698072882787,
    0.0036576551675980085,
    0.0015496547150208614,
    0.0027277899307308145,
    0.003018951040070206,
    0.002748140715526638,
    0.003053572952141018,
    0.004238612073604997,
    0.00394312197088084,
    0.00344319746847409,
    0.00348078392361032,
    0.0028350384052374627,
    0.004089558331713912,
    0.0029850385746592765,
    0.002693849697746441,
    0.0038345744722164464,
    0.00279237154314876,
    0.0017715176974911731,
    0.002403149777834134,
    0.0026397508640044133,
    0.004339999666066581,
    0.004598173828170428,
    0.002479129485374955,
    0.002138239217905012,
    0.003772473773172563,
    0.0028833688787493644,
    0.0029646280312543615,
    0.004121799437291844,
    0.003976378571551368,
    0.003469275170861341,
    0.0018456768424421816
  ],