{
  "labelled_set_sizes": [
    20,
    30,
    40,
    50,
    60,
    70,
    80,
    90,
    100,
    110,
    120,
    130,
    140,
    150,
    160,
    170,
    180,
    190,
    200,
    210,
    220,
    230,
    240,
    250,
    260,
    270,
    280,
    290,
    300,
    310,
    320,
    330,
    340,
    350,
    360,
    370,
    380,
    390,
    400,
    410,
    420,
    430,
    440,
    450,
    460,
    470,
    480,
    490,
    500,
    510,
    520,
    530,
    540,
    550,
    560,
    570,
    580,
    590,
    600,
    610,
    620,
    630,
    640,
    650,
    660,
    670,
    680,
    690,
    700,
    710,
    720,
    730,
    740,
    750,
    760,
    770,
    780,
    790,
    800,
    810,
    820,
    830,
    840,
    850,
    860,
    870,
    880,
    890,
    900,
    910,
    920,
    930,
    940,
    950,
    960,
    970,
    980,
    990,
    1000,
    1010,
    1020
  ],
  "test_rmse_mean": [
    0.2683975238505331,
    0.25268843011522646,
    0.2436048545465815,
    0.2356317921068453,
    0.22786110329837755,
    0.22498150204264963,
    0.21398567013744824,
    0.20811998279516822,
    0.20287050178957236,
    0.1974302455269759,
    0.1954502819747929,
    0.2015447735335524,
    0.1909697538948299,
    0.1876527355798938,
    0.18526229486083812,
    0.18453148990650464,
    0.17991857681852164,
    0.17995463213987867,
    0.17950857810171286,
    0.1777561009189867,
    0.17611236566652066,
    0.17475099269851052,
    0.17166176771431257,
    0.16823124098248401,
    0.17444436206807068,
    0.17091856616806878,
    0.1700732626710541,
    0.1657955449762402,
    0.16540123050507996,
    0.1651674719019839,
    0.1626056586979458,
    0.16412150553968743,
    0.16007305212243014,
    0.1619354836707448,
    0.15918726313344694,
    0.15693372313167925,
    0.1602829962853804,
    0.15942372441706357,
    0.1578906848942196,
    0.15398434978573755,
    0.15594039975243196,
    0.1559481449317079,
    0.15389880195305353,
    0.15668162729162155,
    0.15368866967083325,
    0.1533809544091854,
    0.15390399317641104,
    0.14913316179740005,
    0.1512278055458915,
    0.15054193962855383,
    0.15252048509019736,
    0.1513168821608119,
    0.15026075641988804,
    0.14834308953111117,
    0.1465831883760636,
    0.1499235748348611,
    0.15384583833933874,
    0.14758353505457553,
    0.14785114206040387,
    0.14706036090611946,
    0.14634867337221086,
    0.14568001656467358,
    0.1449940078813137,
    0.14562850899196414,
    0.1466973202630512,
    0.1441358174941266,
    0.1445131394624238,
    0.14369296767504114,
    0.14397603630956807,
    0.14399613958377713,
    0.1423921801260957,
    0.14124735243474484,
    0.14135648863022468,
    0.13966233096453728,
    0.1393682463692481,
    0.14315635520242817,
    0.14000087909842177,
    0.14029619949662928,
    0.13834275869254437,
    0.1387256596618862,
    0.13828979645626865,
    0.13727068649428784,
    0.14070819327388737,
    0.1399834347943225,
    0.13823913101514634,
    0.13524659379937437,
    0.13712392026189535,
    0.13699541124581427,
    0.13787329603035536,
    0.13548574958317514,
    0.13517064451718142,
    0.13946173513409807,
    0.136872105661404,
    0.13375591153293712,
    0.13294135608902552,
    0.13575369088622055,
    0.13447433839051556,
    0.13588908486862894,
    0.13521198083199285,
    0.1350451849178751,
    0.13416460029261948
  ],
  "test_rmse_std": [
    0.0015335106490519763,
    0.0030007396863598735,
    0.003233122584385008,
    0.005183199440670562,
    0.00552189551694725,
    0.007331714959542021,
    0.006170528241843383,
    0.00410601082859998,
    0.004009455873188392,
    0.004203455596267158,
    0.0033400900394869675,
    0.005972444350304276,
    0.0072396305681337566,
    0.0062344171212425255,
    0.007122033968005157,
    0.007427833494454531,
    0.005452656366558385,
    0.0068812144561904475,
    0.006415259670176218,
    0.006044550270543116,
    0.0034427356475566764,
    0.0051969810026484264,
    0.003987914999808284,
    0.004929229448828393,
    0.005832227555494246,
    0.00243481251176588,
    0.005889697909244857,
    0.004504821600459429,
    0.0047520145810311274,
    0.004323468001700034,
    0.003991317552728957,
    0.0034136361201907717,
    0.004752491211220428,
    0.005552854391545687,
    0.0036658254359186017,
    0.002883257722917504,
    0.004762533612373473,
    0.0022499455565559478,
    0.00159181532919954,
    0.0025783658711173016,
    0.004179482312428227,
    0.006723601849073211,
    0.002909647179439362,
    0.0037932100937549955,
    0.004378405755124498,
    0.005579657433527282,
    0.003955797351184902,
    0.0019859025291931475,
    0.002481423257388507,
    0.00209476856182409,
    0.0028620077479045644,
    0.0023474126342130273,
    0.005337489548337379,
    0.00245818587068647,
    0.003725730161640063,
    0.0046719167011339624,
    0.0018578152632661264,
    0.0031100732368562565,
    0.00246137072500756,
    0.003838220373649778,
    0.0018338245980567534,
    0.0026559293289692937,
    0.003424416000985898,
    0.0018877165004390953,
    0.0026911697158871948,
    0.002938914955860256,
    0.002910355110778978,
    0.003179461342184743,
    0.0030388263200657527,
    0.00303231246970068,
    0.0030207643586216285,
    0.0015065698715983685,
    0.003252504710278858,
    0.0021155705761503724,
    0.002651252013425502,
    0.0027710140701091126,
    0.002222750366516289,
    0.003855571330184318,
    0.003030538169060169,
    0.002279853003453482,
    0.0036279852086535534,
    0.003104663877591127,
    0.0032010067034496667,
    0.002765504986328383,
    0.0047600996027759935,
    0.0016883745843505821,
    0.0016751598955158152,
    0.0029968003312376523,
    0.003610446081074625,
    0.004628446934537479,
    0.003031596679225139,
    0.002760996552881918,
    0.003081631883820836,
    0.0024703474100594407,
    0.002839294652015822,
    0.0039039444844194194,
    0.0019264144967504403,
    0.002175031475180294,
    0.002303055225233414,
    0.0027312645526242165,
    0.0026584607758117222
  ],