{
  "labelled_set_sizes": [
    20,
    30,
    40,
    50,
    60,
    70,
    80,
    90,
    100,
    110,
    120,
    130,
    140,
    150,
    160,
    170,
    180,
    190,
    200,
    210,
    220,
    230,
    240,
    250,
    260,
    270,
    280,
    290,
    300,
    310,
    320,
    330,
    340,
    350,
    360,
    370,
    380,
    390,
    400,
    410,
    420,
    430,
    440,
    450,
    460,
    470,
    480,
    490,
    500,
    510,
    520,
    530,
    540,
    550,
    560,
    570,
    580,
    590,
    600,
    610,
    620,
    630,
    640,
    650,
    660,
    670,
    680,
    690,
    700,
    710,
    720,
    730,
    740,
    750,
    760,
    770,
    780,
    790,
    800,
    810,
    820,
    830,
    840,
    850,
    860,
    870,
    880,
    890,
    900,
    910,
    920,
    930,
    940,
    950,
    960,
    970,
    980,
    990,
    1000,
    1010,
    1020
  ],
  "test_rmse_mean": [
    0.26661127369083604,
    0.2598304869965722,
    0.25058668707593723,
    0.23897819413189703,
    0.23132749214024978,
    0.2239370106106533,
    0.21927935968251705,
    0.215715474849967,
    0.21426844819498816,
    0.21228882320003503,
    0.2123684502575557,
    0.20962874786449553,
    0.20702602682179577,
    0.20660629258619437,
    0.20457104482417854,
    0.2032423342966516,
    0.20001362803992612,
    0.1965464520155013,
    0.19115997403177856,
    0.19043957620686858,
    0.1877246716259781,
    0.18833168655909394,
    0.18626084047730562,
    0.18602678450269156,
    0.18352142777248814,
    0.1830185269411335,
    0.18289613888862474,
    0.17964612862380175,
    0.18015646449248832,
    0.1802177357470956,
    0.18089802657176246,
    0.18147682316640507,
    0.1788617830091982,
    0.17981907554149976,
    0.17616561673671677,
    0.17633980200747268,
    0.17592269293231913,
    0.1730750654560314,
    0.1724402184515779,
    0.17290268718832352,
    0.17229568863949438,
    0.16995524379516208,
    0.17090415461416195,
    0.1695790922723593,
    0.16913585786110166,
    0.16852079161391922,
    0.1691695959744393,
    0.1676078989508346,
    0.16740799761878722,
    0.16716871310577333,
    0.16598066723452137,
    0.16605977545109318,
    0.16686062245347477,
    0.16582677068549725,
    0.16600380656844702,
    0.16493881242224778,
    0.16600356958688223,
    0.16610021772394729,
    0.16584740364317802,
    0.1637468842503636,
    0.1631905870390657,
    0.16379109458552743,
    0.16186714267224878,
    0.1611917240539909,
    0.1619576742684007,
    0.15788878154802033,
    0.16031694209718922,
    0.15826223902664058,
    0.15745305820725994,
    0.15919409606237156,
    0.15819561130893006,
    0.15896369076754038,
    0.15930989804787862,
    0.15760773873427986,
    0.15779845074599594,
    0.15414243755311005,
    0.15606360571455774,
    0.1538739997798795,
    0.15438363832552013,
    0.15360970674849656,
    0.15325616922699858,
    0.15377522291422127,
    0.152595796505344,
    0.1524127431077492,
    0.1524858627825706,
    0.151090741367731,
    0.15101324870678107,
    0.15131056338494422,
    0.15102409158878982,
    0.14998798832644175,
    0.1500267930936978,
    0.14973448063820555,
    0.15006647836104392,
    0.1486888844361181,
    0.14649597552861662,
    0.14684061402928775,
    0.14623398805093263,
    0.1463461045772834,
    0.1463053794156703,
    0.14628833392758595,
    0.14508622754880068
  ],
  "test_rmse_std": [
    0.0011312682938365687,
    0.0051190854078365855,
    0.0028407115228903526,
    0.005690802145939947,
    0.009740249191020138,
    0.012267592255186956,
    0.012329251595336004,
    0.009425495000313151,
    0.008069317819351898,
    0.007641987049843365,
    0.007057694070080004,
    0.007023447185237689,
    0.006783454713649786,
    0.005746164785598404,
    0.005762134336938137,
    0.005701450565523675,
    0.0066845916905424975,
    0.0036490803568017933,
    0.002637736746460824,
    0.0013174565235817331,
    0.003287280659217031,
    0.004345608438299153,
    0.0029225993218517186,
    0.0024400972379406017,
    0.00199445607594554,
    0.0008140980945053481,
    0.003723005489793208,
    0.0032196013085997576,
    0.0029223780808427346,
    0.0004296166388265976,
    0.0030531487544784904,
    0.002489681370465303,
    0.0036525880124650472,
    0.0032004485012192795,
    0.0027673380234744917,
    0.0023376129471188284,
    0.003274891000793526,
    0.0029363077239942456,
    0.0036805902388744047,
    0.004028725994880633,
    0.0015126358019846415,
    0.002310442596377029,
    0.001935283545301256,
    0.0008431905191877523,
    0.002468778404568345,
    0.003494043439670677,
    0.002505934829259418,
    0.0031777031522831627,
    0.0027503023949946243,
    0.001356653544564612,
    0.002221913219353715,
    0.002990838844511381,
    0.0029875079863798714,
    0.0041620510108714434,
    0.003408343015740688,
    0.0023765705043256413,
    0.003773765216067025,
    0.006260897032171231,
    0.003657801423090341,
    0.004238264398749644,
    0.0034862197968327565,
    0.0025235118809818252,
    0.005171763475105965,
    0.0034732614486465575,
    0.004938128750644509,
    0.0043627753717807,
    0.005149834639566127,
    0.005417647574030275,
    0.0030471659292347643,
    0.0028531974270207838,
    0.0037823653741190966,
    0.0034317443792369925,
    0.003735446886968931,
    0.003838969133747935,
    0.004009928985092699,
    0.0006749857318518856,
    0.0023360013802429525,
    0.0021021643695066637,
    0.0032199328131209994,
    0.005607052314634806,
    0.004620433540697706,
    0.004275137417800542,
    0.0021055744739265914,
    0.005424513655673459,
    0.00477815881153702,
    0.0028122676110931256,
    0.003300825872514038,
    0.002128914513175806,
    0.001913690443665088,
    0.001277808239545702,
    0.0018542562182940865,
    0.00278959530792657,
    0.001373248472005824,
    0.005660939849105379,
    0.0037252360714564573,
    0.003053463972857686,
    0.00432219566779215,
    0.003092752173895101,
    0.002296009408220673,
    0.0022156465962769344,
    0.00179671780345531
  ],