{
  "labelled_set_sizes": [
    20,
    30,
    40,
    50,
    60,
    70,
    80,
    90,
    100,
    110,
    120,
    130,
    140,
    150,
    160,
    170,
    180,
    190,
    200,
    210,
    220,
    230,
    240,
    250,
    260,
    270,
    280,
    290,
    300,
    310,
    320,
    330,
    340,
    350,
    360,
    370,
    380,
    390,
    400,
    410,
    420,
    430,
    440,
    450,
    460,
    470,
    480,
    490,
    500,
    510,
    520,
    530,
    540,
    550,
    560,
    570,
    580,
    590,
    600,
    610,
    620,
    630,
    640,
    650,
    660,
    670,
    680,
    690,
    700,
    710,
    720,
    730,
    740,
    750,
    760,
    770,
    780,
    790,
    800,
    810,
    820,
    830,
    840,
    850,
    860,
    870,
    880,
    890,
    900,
    910,
    920,
    930,
    940,
    950,
    960,
    970,
    980,
    990,
    1000,
    1010,
    1020
  ],
  "test_accs_mean": [
    0.47936666666666666,
    0.5509,
    0.6490666666666667,
    0.6930333333333333,
    0.7094999999999999,
    0.747,
    0.7588333333333334,
    0.7677999999999999,
    0.7880666666666668,
    0.8142333333333333,
    0.8102,
    0.8315666666666667,
    0.8453333333333332,
    0.8374666666666667,
    0.8606333333333334,
    0.8599333333333333,
    0.8731666666666666,
    0.8792666666666668,
    0.8980333333333334,
    0.9102,
    0.9108,
    0.9124,
    0.9097,
    0.9205666666666668,
    0.9099,
    0.9188666666666667,
    0.9243666666666667,
    0.9246,
    0.9285666666666668,
    0.9314,
    0.9242666666666667,
    0.9480333333333334,
    0.9502666666666668,
    0.9477666666666668,
    0.9539,
    0.9531000000000001,
    0.9565333333333333,
    0.9514666666666667,
    0.9585333333333333,
    0.9583333333333334,
    0.9566,
    0.9592666666666667,
    0.9571333333333333,
    0.9592333333333333,
    0.9585666666666667,
    0.9632999999999999,
    0.9649333333333333,
    0.9648333333333333,
    0.9657333333333332,
    0.9673333333333334,
    0.9683333333333334,
    0.9673333333333334,
    0.9643666666666667,
    0.9681000000000001,
    0.9664666666666667,
    0.9679000000000001,
    0.9678666666666667,
    0.9713333333333333,
    0.9665333333333334,
    0.9687666666666667,
    0.9679000000000001,
    0.9681000000000001,
    0.969,
    0.9717333333333333,
    0.9715333333333334,
    0.9723333333333333,
    0.972,
    0.9705333333333334,
    0.9727333333333333,
    0.9724666666666666,
    0.9733333333333333,
    0.9733333333333333,
    0.9721666666666667,
    0.9731666666666667,
    0.9761000000000001,
    0.9717333333333333,
    0.9751,
    0.9778333333333333,
    0.9766333333333334,
    0.9759333333333333,
    0.9771000000000001,
    0.9757666666666666,
    0.9759666666666668,
    0.9756999999999999,
    0.9773999999999999,
    0.9788,
    0.9769,
    0.9748333333333333,
    0.9784666666666667,
    0.9781666666666666,
    0.9794999999999999,
    0.9795333333333334,
    0.9797333333333333,
    0.9795666666666666,
    0.9792,
    0.9790666666666666,
    0.9806333333333335,
    0.9802333333333334,
    0.9807333333333333,
    0.9791666666666666,
    0.9813666666666667
  ],
  "test_accs_std": [
    0.006819335255971325,
    0.03657307752978961,
    0.013032779186855433,
    0.011109605453540342,
    0.017707625476048438,
    0.039989498621513124,
    0.04388408975167804,
    0.038467258805378886,
    0.04122636696743154,
    0.04276614704802542,
    0.014829362764461597,
    0.018057777641042487,
    0.009089737803332545,
    0.011184066046538417,
    0.02047299033686415,
    0.01857695705257817,
    0.024211636320854744,
    0.02552985180789995,
    0.023613837751058905,
    0.027102029444305474,
    0.025667878759258588,
    0.02583331182794803,
    0.030018494299348192,
    0.021414325423261237,
    0.038519735201582035,
    0.028827128426767233,
    0.021227890458859356,
    0.032317023377780314,
    0.02690452254423661,
    0.028806770037614435,
    0.034762240050568306,
    0.0019139836293274326,
    0.0046371686763943916,
    0.013067644521233818,
    0.00779487010796207,
    0.0031432467291003354,
    0.00526909226843995,
    0.010863854441832911,
    0.003781974792794517,
    0.0013012814197295667,
    0.006908690179766365,
    0.003442867022313405,
    0.005016306742348736,
    0.00796513234876444,
    0.005622573550726924,
    0.004517742799230571,
    0.0057064291227818835,
    0.0028095076674274195,
    0.0034501207708329588,
    0.0023965252624024848,
    0.00030550504633041625,
    0.004366157731155984,
    0.005186842327787986,
    0.004693612681080528,
    0.005676559991168384,
    0.003119294792096439,
    0.0029737742572921826,
    0.0018147543451754627,
    0.0019008769905844464,
    0.0016041612554021734,
    0.0014730919862656535,
    0.0029512709126747493,
    0.0022271057451320425,
    0.0027209067116189946,
    0.0020428737928059704,
    0.000945163125250543,
    0.0010000000000000009,
    0.0017616280348965066,
    0.005485739087245495,
    0.0035388321990923914,
    0.003980368492154152,
    0.0025146238950055928,
    0.0014502873278538122,
    0.0007571877794400166,
    0.0018520259177452402,
    0.005081666393352993,
    0.0011999999999999789,
    0.00045092497528223974,
    0.0028536526301099117,
    0.0004725815626252088,
    0.0005999999999999894,
    0.0007571877794400166,
    0.002458319208998923,
    0.001734935157289748,
    0.0010535653752853265,
    0.002251666049839549,
    0.004936598018879026,
    0.002514623895005656,
    0.0008504900548115011,
    0.0007571877794400802,
    0.0008888194417315859,
    0.0006806859285553922,
    0.0019553345834750014,
    0.00040414518843274387,
    0.0028053520278210776,
    0.001159022576714284,
    0.0027574142476845024,
    0.0021962088546705655,
    0.0011718930554164382,
    0.002550163393458018,
    0.001625833119767617
  ],