{
  "labelled_set_sizes": [
    20,
    30,
    40,
    50,
    60,
    70,
    80,
    90,
    100,
    110,
    120,
    130,
    140,
    150,
    160,
    170,
    180,
    190,
    200,
    210,
    220,
    230,
    240,
    250,
    260,
    270,
    280,
    290,
    300,
    310,
    320,
    330,
    340,
    350,
    360,
    370,
    380,
    390,
    400,
    410,
    420,
    430,
    440,
    450,
    460,
    470,
    480,
    490,
    500,
    510,
    520,
    530,
    540,
    550,
    560,
    570,
    580,
    590,
    600,
    610,
    620,
    630,
    640,
    650,
    660,
    670,
    680,
    690,
    700,
    710,
    720,
    730,
    740,
    750,
    760,
    770,
    780,
    790,
    800,
    810,
    820,
    830,
    840,
    850,
    860,
    870,
    880,
    890,
    900,
    910,
    920,
    930,
    940,
    950,
    960,
    970,
    980,
    990,
    1000,
    1010,
    1020
  ],
  "test_accs_mean": [
    0.47936666666666666,
    0.5629666666666667,
    0.6645333333333334,
    0.7289,
    0.7510666666666667,
    0.7728,
    0.7904333333333332,
    0.8165,
    0.8395333333333334,
    0.8424666666666667,
    0.8475666666666667,
    0.8618666666666667,
    0.883,
    0.8793000000000001,
    0.8952666666666667,
    0.9073666666666668,
    0.9168666666666666,
    0.9151000000000001,
    0.9141,
    0.9279333333333333,
    0.9224333333333332,
    0.9201666666666667,
    0.9235666666666668,
    0.9345,
    0.9343666666666666,
    0.9333666666666667,
    0.9369,
    0.9403666666666667,
    0.9429,
    0.9456666666666665,
    0.9420000000000001,
    0.9470666666666666,
    0.9496666666666665,
    0.9475333333333333,
    0.9522666666666666,
    0.9480999999999998,
    0.9503333333333334,
    0.9543333333333334,
    0.9556,
    0.9552666666666667,
    0.9551333333333334,
    0.9582666666666667,
    0.9629,
    0.9568,
    0.9612666666666666,
    0.9635666666666666,
    0.9615333333333335,
    0.9655666666666667,
    0.9640333333333334,
    0.9626,
    0.9650333333333333,
    0.9685,
    0.9660333333333333,
    0.9678666666666667,
    0.9662666666666667,
    0.9681666666666667,
    0.9667333333333333,
    0.9714,
    0.9709666666666666,
    0.9724333333333334,
    0.9709,
    0.9710333333333333,
    0.9711,
    0.9719000000000001,
    0.9732333333333334,
    0.9735999999999999,
    0.9725000000000001,
    0.9751333333333334,
    0.973,
    0.9732666666666666,
    0.9738000000000001,
    0.9742666666666667,
    0.9751,
    0.9757333333333333,
    0.9753666666666666,
    0.973,
    0.9762333333333334,
    0.9766333333333334,
    0.9763333333333334,
    0.9767333333333333,
    0.9773666666666667,
    0.9766333333333334,
    0.9767333333333333,
    0.9777999999999999,
    0.9781333333333334,
    0.9781333333333334,
    0.979,
    0.9785,
    0.9795666666666666,
    0.9780333333333333,
    0.9786333333333334,
    0.9799666666666665,
    0.9790333333333333,
    0.9800999999999999,
    0.9808333333333333,
    0.9802666666666666,
    0.9815333333333333,
    0.9808333333333333,
    0.9802666666666667,
    0.9817,
    0.9796333333333332
  ],
  "test_accs_std": [
    0.006819335255971325,
    0.02502345566330385,
    0.008271839779234959,
    0.028580937703301515,
    0.010457692543450189,
    0.01628158468945821,
    0.033813360278643304,
    0.02833284313301435,
    0.03096228889041203,
    0.01865270311063073,
    0.036438486979200053,
    0.029889184219937033,
    0.015837929157563515,
    0.020523888520453403,
    0.012678459422711178,
    0.00642209726906508,
    0.004508140784551138,
    0.009945350672550464,
    0.006437390775772451,
    0.0034443189941312305,
    0.005946707772653108,
    0.015227059247712059,
    0.014902796158215883,
    0.0059152345684681,
    0.01325154079091684,
    0.009159876272817962,
    0.00716868188720911,
    0.004579665198825512,
    0.0038157568056677816,
    0.0065576926836604195,
    0.006657326790837276,
    0.0045214304521172905,
    0.004705670338361288,
    0.0062131580805040755,
    0.004759551799627109,
    0.003843175770115124,
    0.005115988011453293,
    0.005954270176380441,
    0.006173329733620274,
    0.0031005375877956112,
    0.001877054430040168,
    0.0008326663997864858,
    0.00036055512754642083,
    0.005458021619598051,
    0.0025166114784235852,
    0.0013316656236958598,
    0.005424327915358137,
    0.0005507570547286067,
    0.0023094010767585054,
    0.0057688820407423794,
    0.003435597958628654,
    0.0020663978319771857,
    0.004409459528483455,
    0.0022030282189144535,
    0.0036363901514185025,
    0.004923751956926078,
    0.0002516611478423306,
    0.0027874719729533205,
    0.0009814954576223198,
    0.0015502687938977933,
    0.0017349351572897257,
    0.0012423096769056063,
    0.002227105745131993,
    0.002615339366124409,
    0.0015947831618540805,
    0.0018330302779823642,
    0.0013114877048603657,
    0.0014433756729740337,
    0.0014730919862655895,
    0.003098924544633702,
    0.001752141546793552,
    0.0025482019804821607,
    0.0030789608636681304,
    0.0004725815626252714,
    0.0018147543451754627,
    0.0033151168908501284,
    0.001607275126832149,
    0.0008020806277010867,
    0.0019295940851208591,
    0.002444040370643136,
    0.001357694123627732,
    0.0036692415201692104,
    0.0011015141094572268,
    0.0015716233645501677,
    0.00150443787951953,
    0.0013650396819628997,
    0.0011135528725659915,
    0.0019519221295943203,
    0.0008736894948053756,
    0.002345918441321694,
    0.0006658328118479938,
    0.0018009256878987036,
    0.0017502380790433729,
    0.0006999999999999784,
    0.000602771377334215,
    0.0015275252316519481,
    0.0011372481406154637,
    0.0011503622617824775,
    0.0015821925715074378,
    0.0012165525060596376,
    0.0015502687938977933
  ],