{
  "labelled_set_sizes": [
    20,
    30,
    40,
    50,
    60,
    70,
    80,
    90,
    100,
    110,
    120,
    130,
    140,
    150,
    160,
    170,
    180,
    190,
    200,
    210,
    220,
    230,
    240,
    250,
    260,
    270,
    280,
    290,
    300,
    310,
    320,
    330,
    340,
    350,
    360,
    370,
    380,
    390,
    400,
    410,
    420,
    430,
    440,
    450,
    460,
    470,
    480,
    490,
    500,
    510,
    520,
    530,
    540,
    550,
    560,
    570,
    580,
    590,
    600,
    610,
    620,
    630,
    640,
    650,
    660,
    670,
    680,
    690,
    700,
    710,
    720,
    730,
    740,
    750,
    760,
    770,
    780,
    790,
    800,
    810,
    820,
    830,
    840,
    850,
    860,
    870,
    880,
    890,
    900,
    910,
    920,
    930,
    940,
    950,
    960,
    970,
    980,
    990,
    1000,
    1010,
    1020
  ],
  "test_accs_mean": [
    0.47936666666666666,
    0.5590666666666667,
    0.5947999999999999,
    0.6377666666666667,
    0.6877,
    0.7312,
    0.7642000000000001,
    0.7678666666666666,
    0.7673333333333333,
    0.7936666666666667,
    0.8114666666666667,
    0.8255333333333333,
    0.8422666666666666,
    0.8539333333333333,
    0.8397666666666668,
    0.8606666666666666,
    0.8667666666666666,
    0.8674,
    0.8789666666666666,
    0.9052000000000001,
    0.9073666666666668,
    0.9089999999999999,
    0.9134666666666668,
    0.9181666666666667,
    0.9236999999999999,
    0.9214333333333333,
    0.9321333333333334,
    0.9211999999999999,
    0.9279333333333333,
    0.9285,
    0.9245666666666666,
    0.9320666666666667,
    0.9317333333333333,
    0.9370666666666666,
    0.9465,
    0.9435666666666668,
    0.9434666666666667,
    0.9434666666666667,
    0.9465,
    0.9502666666666667,
    0.9505666666666667,
    0.9525333333333332,
    0.9462,
    0.9491,
    0.9523,
    0.9532666666666666,
    0.9527666666666667,
    0.9551666666666666,
    0.956,
    0.9603333333333333,
    0.9604,
    0.9613333333333335,
    0.9590666666666667,
    0.9647666666666668,
    0.9633666666666668,
    0.9624999999999999,
    0.9632666666666667,
    0.9649666666666666,
    0.9662000000000001,
    0.9683,
    0.9674,
    0.9670666666666667,
    0.9693,
    0.9712000000000001,
    0.9678,
    0.9676,
    0.9707,
    0.9676,
    0.9702000000000001,
    0.9670666666666667,
    0.9712666666666667,
    0.9690666666666666,
    0.9708333333333332,
    0.9714999999999999,
    0.9723333333333333,
    0.9712333333333333,
    0.9682333333333334,
    0.9746333333333334,
    0.9735999999999999,
    0.9711,
    0.9699333333333334,
    0.9735333333333333,
    0.9718666666666667,
    0.9689,
    0.9746999999999999,
    0.9759333333333333,
    0.9751333333333333,
    0.9746999999999999,
    0.9747666666666667,
    0.9770666666666666,
    0.9745666666666667,
    0.9758,
    0.9749666666666666,
    0.9777,
    0.9776000000000001,
    0.9762333333333334,
    0.9774666666666666,
    0.9765,
    0.9772,
    0.9781999999999998,
    0.9778333333333333
  ],
  "test_accs_std": [
    0.006819335255971325,
    0.024754056906562506,
    0.040713265651381995,
    0.03176323870976216,
    0.012057777573002429,
    0.034838484467611404,
    0.009829038610159215,
    0.02900298835177739,
    0.03822699744072682,
    0.021166561679529614,
    0.031839807369601555,
    0.03665192127751742,
    0.023216876045957013,
    0.03380567013584164,
    0.04324191639293215,
    0.025112214823335137,
    0.01586484583389745,
    0.02526796390689209,
    0.03281468167350299,
    0.010199999999999987,
    0.02342676531946599,
    0.016891121928397788,
    0.026183646295604702,
    0.010800617266310937,
    0.020271161782196876,
    0.020732904604356152,
    0.013273030299571099,
    0.02000074998593803,
    0.025882877222853987,
    0.01794073577086509,
    0.024084088800146352,
    0.025478683901122783,
    0.016900986164521094,
    0.016157144962317245,
    0.004667976006793491,
    0.011087079567376293,
    0.010545773244922986,
    0.013507898923716214,
    0.012747156545677197,
    0.007011656960614436,
    0.009387402906732715,
    0.006621429855653016,
    0.01663249830903343,
    0.009890904913100755,
    0.0055108982933819465,
    0.011981791741360466,
    0.007226571340084688,
    0.008113158036999734,
    0.005655970296951697,
    0.00041633319989322514,
    0.0059152345684681,
    0.005632347053700921,
    0.0022300971578236824,
    0.002829016319029147,
    0.0030105370506495143,
    0.003843175770115124,
    0.003754108860080265,
    0.007414400402819728,
    0.005631163290120444,
    0.003517101079013797,
    0.0057419508879822355,
    0.009113360156020009,
    0.003934463114581216,
    0.0029103264421710857,
    0.003915354390090347,
    0.007759510293826519,
    0.00594306318324147,
    0.004386342439892262,
    0.004856953777832346,
    0.01244280247104058,
    0.001527525231651948,
    0.004389001405027525,
    0.004225320500664238,
    0.004543126676640202,
    0.0030435724623102804,
    0.0059011298353224785,
    0.012832121154872764,
    0.0019035055380359099,
    0.00485386443980465,
    0.006489992295835205,
    0.005783885660465052,
    0.005029247790011272,
    0.003300505011863053,
    0.009712363255150612,
    0.003912799509302786,
    0.002898850346832893,
    0.005844940832320971,
    0.0008717797887081023,
    0.0012013880860626519,
    0.0038850139424889438,
    0.0036610563138708085,
    0.005655970296951697,
    0.0028728615235220096,
    0.00675573830162184,
    0.0005000000000000004,
    0.0016653327995728917,
    0.0029143323992526205,
    0.003340658617698034,
    0.001824828759089493,
    0.002511971337416138,
    0.003859188170241656
  ],