{
  "labelled_set_sizes": [
    20,
    30,
    40,
    50,
    60,
    70,
    80,
    90,
    100,
    110,
    120,
    130,
    140,
    150,
    160,
    170,
    180,
    190,
    200,
    210,
    220,
    230,
    240,
    250,
    260,
    270,
    280,
    290,
    300,
    310,
    320,
    330,
    340,
    350,
    360,
    370,
    380,
    390,
    400,
    410,
    420,
    430,
    440,
    450,
    460,
    470,
    480,
    490,
    500,
    510,
    520,
    530,
    540,
    550,
    560,
    570,
    580,
    590,
    600,
    610,
    620,
    630,
    640,
    650,
    660,
    670,
    680,
    690,
    700,
    710,
    720,
    730,
    740,
    750,
    760,
    770,
    780,
    790,
    800,
    810,
    820,
    830,
    840,
    850,
    860,
    870,
    880,
    890,
    900,
    910,
    920,
    930,
    940,
    950,
    960,
    970,
    980,
    990,
    1000,
    1010,
    1020
  ],
  "test_accs_mean": [
    0.47936666666666666,
    0.5703,
    0.6386,
    0.6948666666666666,
    0.7336666666666667,
    0.7366666666666667,
    0.7865333333333334,
    0.7968666666666667,
    0.8173666666666666,
    0.8405666666666667,
    0.8519,
    0.8643333333333333,
    0.8736,
    0.8887333333333333,
    0.8919666666666667,
    0.8921999999999999,
    0.9028999999999999,
    0.9048333333333334,
    0.9030666666666667,
    0.9181333333333334,
    0.9246333333333333,
    0.9262333333333334,
    0.9264333333333333,
    0.9299333333333334,
    0.9300333333333334,
    0.9412666666666666,
    0.9386,
    0.9424666666666667,
    0.9472999999999999,
    0.9491333333333333,
    0.9502999999999999,
    0.9525,
    0.9549666666666666,
    0.9509666666666666,
    0.9511,
    0.9575999999999999,
    0.9610666666666666,
    0.9563333333333333,
    0.9612666666666666,
    0.9596666666666667,
    0.9627666666666667,
    0.9603333333333334,
    0.961,
    0.9554,
    0.9601666666666667,
    0.9629333333333333,
    0.963,
    0.9622333333333333,
    0.9645666666666667,
    0.9664666666666667,
    0.9668,
    0.9686666666666666,
    0.9668333333333333,
    0.9640333333333334,
    0.9689333333333333,
    0.9688666666666667,
    0.9678666666666667,
    0.9694333333333334,
    0.9674,
    0.9678333333333334,
    0.971,
    0.9727,
    0.9718333333333332,
    0.9698333333333333,
    0.9726333333333333,
    0.9717666666666668,
    0.9746,
    0.9721000000000001,
    0.9737666666666666,
    0.9735666666666667,
    0.9756,
    0.9738666666666668,
    0.9763999999999999,
    0.9767666666666667,
    0.9751333333333333,
    0.9766,
    0.9758,
    0.9745333333333334,
    0.9783333333333334,
    0.9765999999999999,
    0.9762666666666666,
    0.976,
    0.9761333333333333,
    0.9794999999999999,
    0.9785333333333334,
    0.9792333333333335,
    0.9775999999999999,
    0.9805666666666667,
    0.9792,
    0.9798333333333334,
    0.9803999999999999,
    0.9786666666666667,
    0.9772,
    0.9789,
    0.9791666666666666,
    0.9780000000000001,
    0.9804333333333334,
    0.9793666666666666,
    0.9803333333333333,
    0.9805999999999999,
    0.9805333333333334
  ],
  "test_accs_std": [
    0.006819335255971325,
    0.025021590676853413,
    0.009693812459502222,
    0.006073988255942996,
    0.010516811937718279,
    0.0240242238861807,
    0.026312227829154537,
    0.02162991755262446,
    0.014541778891639514,
    0.011887949080195994,
    0.007114070564732968,
    0.016149406593845287,
    0.011925183436744263,
    0.0042618462352991575,
    0.003592121007612843,
    0.015026975743641825,
    0.014418044250174839,
    0.01728187875589152,
    0.005101307022061443,
    0.015357517160444084,
    0.010658955546081114,
    0.0064314332254431115,
    0.011654326807385023,
    0.0015011106998930293,
    0.01995027151026606,
    0.008470143643016528,
    0.007102112361825869,
    0.004201587001756976,
    0.006053098380168605,
    0.0033842773723991807,
    0.004570557952810572,
    0.008671216754296936,
    0.0008326663997864236,
    0.0024704925284917112,
    0.0054616847217685985,
    0.0029051678092668026,
    0.0032624121954978654,
    0.007878028518184787,
    0.0028676354952004383,
    0.0032145502536643214,
    0.003312602199681259,
    0.0030615900008546925,
    0.0007810249675906434,
    0.00909670269933015,
    0.0024419937209856106,
    0.003477547028198676,
    0.0031606961258558637,
    0.0020404247923737247,
    0.0030924639582917248,
    0.0011590225767142473,
    0.001969771560359235,
    0.0033471380810079438,
    0.0022854612955229663,
    0.005485739087245528,
    0.002702468007827903,
    0.002635020556529559,
    0.0016563010998406323,
    0.002797022226106409,
    0.0020223748416156764,
    0.0010969655114602744,
    0.0014000000000000123,
    0.0029816103031750788,
    0.004626373669877231,
    0.008730597535869663,
    0.0030435724623102804,
    0.0036115555282084802,
    0.0009165151389911761,
    0.0019287301521986088,
    0.0020816659994661348,
    0.002218858565419051,
    0.0023811761799581,
    0.002874601421646695,
    0.002389560629069671,
    0.0023437861108329618,
    0.001767295485574872,
    0.00040000000000001146,
    0.0028513154858766693,
    0.0008962886439832155,
    0.0012503332889007663,
    0.0013527749258468835,
    0.0012342339054382282,
    0.0011532562594670584,
    0.0002886751345947811,
    0.0005567764362829907,
    0.0021126602503321566,
    0.0023713568549110064,
    0.0014798648586948388,
    0.0003511884584284439,
    0.0015524174696259995,
    0.0013051181300300888,
    0.0018520259177451774,
    0.0009451631252505233,
    0.0014798648586948388,
    0.0010535653752852686,
    0.0004725815626252714,
    0.0014730919862656535,
    0.0016165807537309436,
    0.0018583146486355403,
    0.0015534906930308038,
    0.0010440306508910677,
    0.0025696951829610676
  ],