{
  "labelled_set_sizes": [
    20,
    30,
    40,
    50,
    60,
    70,
    80,
    90,
    100,
    110,
    120,
    130,
    140,
    150,
    160,
    170,
    180,
    190,
    200,
    210,
    220,
    230,
    240,
    250,
    260,
    270,
    280,
    290,
    300,
    310,
    320,
    330,
    340,
    350,
    360,
    370,
    380,
    390,
    400,
    410,
    420,
    430,
    440,
    450,
    460,
    470,
    480,
    490,
    500,
    510,
    520,
    530,
    540,
    550,
    560,
    570,
    580,
    590,
    600,
    610,
    620,
    630,
    640,
    650,
    660,
    670,
    680,
    690,
    700,
    710,
    720,
    730,
    740,
    750,
    760,
    770,
    780,
    790,
    800,
    810,
    820,
    830,
    840,
    850,
    860,
    870,
    880,
    890,
    900,
    910,
    920,
    930,
    940,
    950,
    960,
    970,
    980,
    990,
    1000,
    1010,
    1020
  ],
  "test_accs_mean": [
    0.4791666666666667,
    0.5846,
    0.6379,
    0.6662,
    0.7126333333333333,
    0.7296,
    0.7615,
    0.7862333333333332,
    0.7835000000000001,
    0.8163,
    0.8181666666666668,
    0.8237333333333333,
    0.8459666666666666,
    0.8515,
    0.8533666666666667,
    0.8569,
    0.8640666666666666,
    0.8668,
    0.8769333333333332,
    0.8837,
    0.8741666666666665,
    0.8824000000000001,
    0.8835000000000001,
    0.8876666666666667,
    0.8932666666666668,
    0.8981333333333333,
    0.8991333333333333,
    0.9041666666666667,
    0.9077666666666667,
    0.9058999999999999,
    0.9062333333333333,
    0.9141666666666667,
    0.9147666666666666,
    0.9123333333333333,
    0.9211333333333332,
    0.9169666666666667,
    0.9172666666666668,
    0.9228999999999999,
    0.9237666666666667,
    0.9230999999999999,
    0.9238333333333332,
    0.9257,
    0.9270333333333333,
    0.9277333333333333,
    0.9319333333333333,
    0.9296333333333333,
    0.9310333333333335,
    0.9298666666666667,
    0.9340333333333334,
    0.9339666666666666,
    0.9341666666666667,
    0.9359333333333333,
    0.9381333333333334,
    0.9385333333333334,
    0.9355000000000001,
    0.9355333333333334,
    0.9382333333333334,
    0.9415666666666667,
    0.9371333333333333,
    0.9374666666666668,
    0.9405666666666667,
    0.9412666666666666,
    0.9390999999999999,
    0.9371333333333333,
    0.9387666666666666,
    0.9437666666666668,
    0.9396333333333334,
    0.9417666666666666,
    0.9458666666666667,
    0.9462666666666667,
    0.9459333333333332,
    0.9453333333333332,
    0.9443,
    0.9434666666666667,
    0.9451,
    0.9468333333333333,
    0.9443999999999999,
    0.9443,
    0.9471333333333334,
    0.9495999999999999,
    0.9481333333333334,
    0.9457666666666666,
    0.9518666666666666,
    0.9503,
    0.9494000000000001,
    0.9508,
    0.9536666666666668,
    0.9495666666666667,
    0.9472333333333333,
    0.9497666666666666,
    0.9531999999999999,
    0.9530666666666666,
    0.9564,
    0.9528333333333334,
    0.9529,
    0.9533999999999999,
    0.9555000000000001,
    0.9568333333333333,
    0.9552666666666667,
    0.9541,
    0.9503333333333334
  ],
  "test_accs_std": [
    0.006493329911018965,
    0.02949644046321525,
    0.03840325507037131,
    0.03760465396729505,
    0.018181400752783964,
    0.015853075411414615,
    0.014008211877323994,
    0.003625373543972154,
    0.008425556361451716,
    0.0057297469403107025,
    0.00813039564432961,
    0.025755452497157452,
    0.005297483679383434,
    0.006383572667401889,
    0.0060475890512942,
    0.013753544997563342,
    0.011154072499913825,
    0.013383198421902012,
    0.00449703606093316,
    0.009737042672187484,
    0.01541373846065038,
    0.008183520025025948,
    0.0058103356185335514,
    0.005310681061157162,
    0.015382565889127025,
    0.01385075208547658,
    0.008297188278768465,
    0.005774368652357882,
    0.0030088757590391235,
    0.005985816569190825,
    0.001833939293797175,
    0.009295339333952976,
    0.008891194145520264,
    0.003752776749732598,
    0.004957149718672325,
    0.0035529330606322343,
    0.0054123315986119355,
    0.005256424640380602,
    0.003523256069793013,
    0.0021656407827708125,
    0.0038423083339749714,
    0.004853864439804617,
    0.0025482019804821607,
    0.006264449962553204,
    0.003467467856135533,
    0.002311565126344741,
    0.0046371686763943916,
    0.006102731628814543,
    0.006367364708679175,
    0.004118656738954226,
    0.004382160806421092,
    0.002902297940138698,
    0.004015387071420809,
    0.0033724372986511154,
    0.007954244150137743,
    0.006795096271086467,
    0.003550117368951809,
    0.0029484459183327667,
    0.005089531740085054,
    0.0031501322723551223,
    0.00020816659994659034,
    0.0024846193538112125,
    0.005092150822589614,
    0.0045236416008934185,
    0.0019139836293273708,
    0.003564173583501976,
    0.003552933060632213,
    0.00032145502536639643,
    0.0018339392937972185,
    0.002695057204092997,
    0.0022143471573656355,
    0.0009865765724632045,
    0.003100000000000015,
    0.005873102530463236,
    0.0038118237105092124,
    0.0036855573979159904,
    0.005040833264451438,
    0.0010000000000000009,
    0.0012897028081435675,
    0.004309292285283057,
    0.003752776749732603,
    0.0044377171308380425,
    0.0018147543451755238,
    0.0002645751311064719,
    0.0036592348927063844,
    0.0027874719729532567,
    0.0030664855018951737,
    0.00342685472895095,
    0.0033246553706111387,
    0.005159780357082415,
    0.004299999999999989,
    0.0021126602503321566,
    0.0015874507866387685,
    0.0014294521094927834,
    0.0010583005244258455,
    0.001670329308849052,
    0.0019313207915828024,
    0.0010016652800877819,
    0.004437717130838067,
    0.001228820572744442,
    0.0012858201014657124
  ],